file,cc,abr,signals,condition,completed,playback_sec,wall_play_sec,startup_sec,excess_sec,stall_sec,stall_count,switch_count,avg_quality,avg_bitrate_mbps,q0_pct,q1_pct,guardrail_count,tcp_samples,rtt_mean_ms,rtt_p95_ms,rttx_mean,rttx_p95,rtt_over_1_5_pct,cwnd_mean_packets,cwnd_min_packets,cwnd_pressure_pct,loss_mean_pct,loss_p95_pct,samples_with_retx_pct
dash_qoe_log_Throuput_CWND.json,BBR,Throughput,cwnd,Throughput / CWND,True,596.4,605.0561000003814,0.28530000019073487,8.370800000190723,5.0055,6,5,0.9816053511705686,1.3749335484949832,1.839464882943144,98.16053511705685,0,1287,0.19242268842268842,0.486,34.57679357679358,81.0,100.0,13.503496503496503,12.0,0.0,0.0,0.0,0.0
dash_qoe_log_Throuput_Pacletloss.json,BBR,Throughput,loss,Throughput / Loss,True,596.458332,607.0028000001907,0.26760000038146975,10.276867999809236,7.206600001335144,5,5,0.9799666110183639,1.3667825809682805,2.003338898163606,97.9966611018364,0,1402,0.47381098430813123,0.636,84.31155492154066,106.0,100.0,14.049928673323823,12.0,0.0,0.0,0.0,0.0
dash_qoe_log_Throuput.json,BBR,Throughput,none,Throughput / None,True,596.458332,604.2224000005722,0.2654000005722046,7.498667999999933,3.3790999994277953,6,5,0.9832775919732442,1.3749335484949832,1.6722408026755853,98.32775919732441,0,1365,0.4559201465201465,0.609,73.56593668236526,87.0,100.0,13.47912087912088,12.0,0.0,0.0,0.0,0.0
dash_qoe_log_Throuput_RTT.json,BBR,Throughput,rtt,Throughput / RTT,True,596.4,607.8074000005722,0.3581000003814697,11.049300000190769,7.74660000038147,5,5,0.985,1.3709418833333333,1.5,98.5,0,1301,0.14753189853958493,0.364,32.83393543428132,86.0,100.0,12.982321291314374,12.0,0.0,0.0,0.0,0.0
"dash_qoe_log_Throuput_CWND,Pacletloss.json",BBR,Throughput,cwnd+loss,Throughput / CWND+Loss,True,596.4,607.3573999996186,0.3568000001907349,10.600599999427853,7.152,5,5,0.98,1.3668475166666667,2.0,98.0,0,1298,0.4927473035439137,0.627,78.34694401643554,104.5,100.0,14.442989214175656,12.0,0.0,0.0,0.0,0.0
"dash_qoe_log_Throuput_RTT,CWND.json",BBR,Throughput,rtt+cwnd,Throughput / RTT+CWND,True,596.458332,607.7343000001907,0.33970000076293944,10.936267999427749,7.389399998664856,5,5,0.9816971713810316,1.3669122362728785,1.8302828618968385,98.16971713810317,0,1240,0.24018709677419353,0.465,50.28850806451613,116.25,100.0,14.431451612903226,12.0,0.0,0.0,0.0,0.0
"dash_qoe_log_Throuput_RTT,Paclerloss.json",BBR,Throughput,rtt+loss,Throughput / RTT+Loss,True,596.4,606.8364000005722,0.3285,10.107900000572235,8.46120000076294,5,5,0.9833055091819699,1.3729343839732888,1.669449081803005,98.33055091819699,0,1669,0.26810545236668665,0.451,48.174455761933295,75.83333333333333,100.0,14.96345116836429,10.0,0.0,0.0,0.0,0.0
"dash_qoe_log_Throuput_RTT,CWND,Packetloss.json",BBR,Throughput,rtt+cwnd+loss,Throughput / RTT+CWND+Loss,True,596.458332,600.8993999996185,0.3675999994277954,4.073468000190644,2.5489000005722047,3,3,0.9849246231155779,1.3851692931323283,1.5075376884422111,98.49246231155779,0,1206,0.16509867330016584,0.273,28.612595751401724,45.5,100.0,15.581260364842455,12.0,0.0,0.0,0.0,0.0
dash_qoe_log_BOLA_CWND.json,BBR,BOLA,cwnd,BOLA / CWND,True,596.458332,604.5396999998093,0.3361999998092651,7.745167999999966,5.3465,6,5,0.9816360601001669,1.3729343839732888,1.8363939899833055,98.1636060100167,0,1217,0.23594165981922763,0.377,42.839003012873185,63.666666666666664,100.0,13.583401807723911,4.0,0.0,0.0,0.0,0.0
dash_qoe_log_BOLA_Packetloss.json,BBR,BOLA,loss,BOLA / Loss,True,596.458332,605.8457999992371,0.271,9.11646799923706,7.76720000076294,8,5,0.9816360601001669,1.3729343839732888,1.8363939899833055,98.1636060100167,0,1269,0.23667612293144208,0.42900000000000005,38.449821756913956,69.4,100.0,13.51457840819543,10.0,0.0,0.0,0.0,0.0
dash_qoe_log_BOLA.json,BBR,BOLA,none,BOLA / None,True,596.4,604.6212000007629,0.277,7.944200000762906,6.449799999237061,6,5,0.9799666110183639,1.3729343839732888,2.003338898163606,97.9966611018364,0,1014,0.18127514792899407,0.278,39.4619258946182,60.8,100.0,13.84319526627219,11.0,0.0,0.0,0.0,0.0
dash_qoe_log_BOLA_RTT.json,BBR,BOLA,rtt,BOLA / RTT,True,596.458332,603.7975,0.2916000003814697,7.0475679996185026,4.104599999427795,4,1,0.998330550918197,1.405744,0.1669449081803005,99.8330550918197,0,1216,0.28338651315789476,0.415,51.5577028508772,83.0,100.0,14.411184210526315,10.0,0.0,0.0,0.0,0.0
"dash_qoe_log_BOLA_CWND,Packetloss.json",BBR,BOLA,cwnd+loss,BOLA / CWND+Loss,True,596.458332,604.2393000001907,0.2655,7.515468000190682,3.5265000019073485,6,5,0.9833055091819699,1.3729343839732888,1.669449081803005,98.33055091819699,0,1418,0.4150042313117066,0.584,83.00084626234133,116.8,100.0,13.278561354019747,12.0,0.0,0.0,0.0,0.0
"dash_qoe_log_BOLA_RTT,CWND.json",BBR,BOLA,rtt+cwnd,BOLA / RTT+CWND,True,596.4,605.2628999996185,0.28119999980926513,8.581699999809283,6.1365,6,5,0.9816360601001669,1.3729343839732888,1.8363939899833055,98.1636060100167,0,1316,0.27690273556231004,0.508,55.38054711246201,101.6,100.0,13.648176291793312,10.0,0.0,0.0,0.0,0.0
"dash_qoe_log_BOLA_RTT,Packetloss.json",BBR,BOLA,rtt+loss,BOLA / RTT+Loss,True,596.458332,607.5736000003815,0.3269000005722046,10.78836799980923,6.911800000190735,5,5,0.9816666666666667,1.3668475166666667,1.8333333333333333,98.16666666666667,0,1370,0.5091788321167884,0.639,101.83576642335767,127.79999999999998,100.0,13.908029197080293,10.0,0.0,0.0,0.0,0.0
"dash_qoe_log_BOLA_RTT,CWND,Packetloss.json",BBR,BOLA,rtt+cwnd+loss,BOLA / RTT+CWND+Loss,True,596.458332,607.4926999998092,0.3431000003814697,10.691267999427737,7.59989999961853,5,5,0.9833333333333333,1.3668475166666667,1.6666666666666667,98.33333333333333,0,1219,0.21795406070549628,0.37,37.40661353959139,58.57142857142857,99.91796554552913,13.144380639868745,10.0,0.0,0.0,0.0,0.0
dash_qoe_log_Throuput_CWND.json,CUBIC,Throughput,cwnd,Throughput / CWND,True,596.291666,596.4935,0.26430000019073485,0,0.0,0,0,1.0,1.405744,0.0,100.0,0,1265,0.21891383399209485,0.362,42.47430830039526,72.4,100.0,14.368379446640317,10.0,0.0,0.0,0.0,0.0
dash_qoe_log_Throuput_Packetloss.json,CUBIC,Throughput,loss,Throughput / Loss,True,596.458332,604.5593999996186,0.2680999994277954,7.832968000190727,5.0615,5,5,0.979933110367893,1.3728795183946487,2.0066889632107023,97.9933110367893,0,1514,0.23041677675033026,0.364,48.183608542492294,78.5,100.0,16.427344782034346,11.0,0.0,0.0,0.0,0.0
dash_qoe_log_Throuput.json,CUBIC,Throughput,none,Throughput / None,True,596.291666,676.6655,0.3195,80.05433399999998,0.0,0,0,1.0,1.405744,0.0,100.0,0,1285,0.13408715953307393,0.382,27.32284046692607,76.4,100.0,13.062256809338521,12.0,0.0,0.0,0.0,0.0
dash_qoe_log_Throuput_RTT.json,CUBIC,Throughput,rtt,Throughput / RTT,True,596.4,687.3503000001907,0.32910000038146975,90.62119999980926,84.79410000133514,38,154,0.5529411764705883,0.5098002352941177,44.705882352941174,55.294117647058826,206,1379,0.17626323422770124,0.33,35.25264684554025,66.0,100.0,13.556925308194344,11.0,0.0,0.0,0.0,0.0
dash_qoe_log_Throuput_CWND_Packetloss.json,CUBIC,Throughput,cwnd+loss,Throughput / CWND+Loss,True,596.291666,597.3108000001907,0.2883999996185303,0.7307340005722445,0.7163999996185303,2,0,1.0,1.405744,0.0,100.0,0,1196,0.12992307692307692,0.301,28.259280936454847,67.6,100.0,12.974080267558529,10.0,0.0,0.0,0.0,0.0
"dash_qoe_log_Throuput_RTT,CWND.json",CUBIC,Throughput,rtt+cwnd,Throughput / RTT+CWND,True,596.4,657.5385,0.3693000001907349,60.76919999980929,57.51269999790192,26,140,0.576271186440678,0.4764678674884437,42.3728813559322,57.6271186440678,180,1582,0.1095606826801517,0.28,27.390170670037925,70.0,100.0,13.675726927939317,12.0,0.0,0.0,0.0,0.0
"dash_qoe_log_Throuput_RTT,Packetloss.json",CUBIC,Throughput,rtt+loss,Throughput / RTT+Loss,True,596.458332,674.7756000003815,0.346,77.97126800038143,75.40620000171661,35,143,0.5675675675675675,0.5038767477477477,43.24324324324324,56.75675675675676,198,1557,0.31331085420680793,0.667,62.95160565189467,133.4,100.0,17.176621708413617,10.0,0.0,0.0,0.0,0.0
"dash_qoe_log_Throuput_RTT,CWND,Packetloss.json",CUBIC,Throughput,rtt+cwnd+loss,Throughput / RTT+CWND+Loss,True,596.4,631.7396999998093,0.48189999961853025,34.857800000190814,33.09769999790192,17,124,0.6054313099041534,0.43447650798722043,39.456869009584665,60.543130990415335,157,1273,0.13584603299293008,0.296,28.115802566116784,68.0,99.84289080911233,18.898664571877454,10.0,0.0,0.0,0.0,0.0
dash_qoe_log_BOLA_CWND.json,CUBIC,BOLA,cwnd,BOLA / CWND,True,596.458332,603.8578000001908,0.4459000005722046,6.953567999618518,3.5984000005722048,5,4,0.9848993288590604,1.3500990838926175,1.5100671140939597,98.48993288590604,0,1215,0.15147654320987655,0.487,31.044074074074075,97.4,100.0,13.241975308641976,10.0,0.0,0.0,0.0,0.0
dash_qoe_log_BOLA_Packetloss.json,CUBIC,BOLA,loss,BOLA / Loss,True,596.458332,610.9698999996185,0.30439999961853026,14.207167999999948,11.918099999427795,1,3,0.9602649006622517,1.3549033543046356,3.9735099337748343,96.02649006622516,0,1162,0.44426764199655766,0.54,88.85352839931153,108.0,100.0,13.895008605851979,12.0,0.0,0.0,0.0,0.0
dash_qoe_log_BOLA.json,CUBIC,BOLA,none,BOLA / None,True,596.458332,604.2076000003815,0.2736000003814697,7.475667999999978,6.981800001144409,2,3,0.9799666110183639,1.3811367879799665,2.003338898163606,97.9966611018364,0,1866,0.26787191854233655,0.361,59.849327565967435,79.75,100.0,13.612540192926046,12.0,0.0,0.0,0.0,0.0
dash_qoe_log_BOLA_RTT.json,CUBIC,BOLA,rtt,BOLA / RTT,True,596.458332,660.8163000001907,0.5340999994277954,63.823868000762886,61.97569999504089,26,143,0.5782208588957055,0.49016323312883436,42.17791411042945,57.82208588957055,187,1324,0.08426283987915408,0.263,21.065709969788518,65.75,100.0,17.75453172205438,12.0,0.0,0.0,0.0,0.0
"dash_qoe_log_BOLA_CWND,PAcketloss.json",CUBIC,BOLA,cwnd+loss,BOLA / CWND+Loss,True,596.4,603.1308000001908,0.2976000003814697,6.433199999809341,3.6486999998092653,4,5,0.98,1.3770834333333333,2.0,98.0,0,1221,0.21654381654381658,0.472,39.48973698973699,94.4,96.56019656019656,16.68796068796069,11.0,0.0,0.0,0.0,0.0
"dash_qoe_log_BOLA_RTT,CWND.json",CUBIC,BOLA,rtt+cwnd,BOLA / RTT+CWND,True,596.4,708.4108999996186,0.27130000019073486,111.73959999942784,105.54489999580383,52,171,0.5487106017191977,0.5188267507163324,45.12893982808023,54.87106017191977,217,1473,0.09150984385607604,0.239,22.877460964019008,59.75,100.0,13.943652410047521,12.0,0.0,0.0,0.0,0.0
"dash_qoe_log_BOLA_RTT,Packetloss.json",CUBIC,BOLA,rtt+loss,BOLA / RTT+Loss,True,596.291666,596.5138000001907,0.29620000076293945,0,0.0,0,0,1.0,1.405744,0.0,100.0,0,1338,0.18447085201793723,0.344,43.04398355754858,72.0,100.0,13.295216741405083,10.0,0.0,0.0,0.0,0.0
"dash_qoe_log_BOLA_RTT,CWND,Packetloss.json",CUBIC,BOLA,rtt+cwnd+loss,BOLA / RTT+CWND+Loss,True,596.458332,671.8193999996186,0.31430000019073484,75.04676799942777,72.21130000209808,29,148,0.5770392749244713,0.5002828519637462,42.29607250755287,57.70392749244713,201,1345,0.08055539033457249,0.286,16.79351920693928,60.0,100.0,14.560594795539034,12.0,0.0,0.0,0.0,0.0
