file,cc,abr,signals,condition,completed,playback_sec,wall_play_sec,startup_sec,excess_sec,stall_sec,stall_count,switch_count,avg_quality,avg_bitrate_mbps,q0_pct,q1_pct,guardrail_count,tcp_samples,rtt_mean_ms,rtt_p95_ms,rttx_mean,rttx_p95,rtt_over_1_5_pct,cwnd_mean_packets,cwnd_min_packets,cwnd_pressure_pct,loss_mean_pct,loss_p95_pct,samples_with_retx_pct,status,error,attempt,missing_tcp_pct,tcp_age_mean_ms,buffer_mean_sec,time_weighted_bitrate_mbps
../pilots/cc-bbr_abr-throughput_signals-cwnd_netem-stable-8mbit/run-01/dash_qoe_log_cc-bbr_abr-throughput_signals-cwnd_netem-stable-8mbit.json,BBR,Throughput,cwnd,cc-bbr_abr-throughput_signals-cwnd_netem-stable-8mbit,True,596.4,596.8870999999996,0.6235,0,0.0,0,1,0.9983221476510067,1.4036830771812079,0.16778523489932887,99.83221476510067,0,1195,30.25235983263598,34.436,1.6432756133379758,1.8652903366379783,91.96652719665272,36.03347280334728,4.0,1.0878661087866108,0.0,0.0,0.0,completed,,1,0.0,235.45709515852428,26.67881469115192,1.405744
../pilots/cc-cubic_abr-throughput_signals-loss_netem-constrained-2mbit/run-01/dash_qoe_log_cc-cubic_abr-throughput_signals-loss_netem-constrained-2mbit.json,CUBIC,Throughput,loss,cc-cubic_abr-throughput_signals-loss_netem-constrained-2mbit,True,596.4,597.434,0.9974000000003725,0.03659999999961927,0.0,0,62,0.3422818791946309,0.597862255033557,65.66164154103852,34.17085427135678,0,1191,163.4755407220823,326.854,3.1839847771299126,6.365602741410278,99.58018471872376,27.53820319059614,2.0,60.11754827875735,0.7033333757787075,2.919863597612958,12.174643157010916,completed,,1,0.0,266.1774247490854,8.5806872909699,0.5972670912983559
../pilots/cc-bbr_abr-bola_signals-cwnd-loss_netem-stable-8mbit/run-01/dash_qoe_log_cc-bbr_abr-bola_signals-cwnd-loss_netem-stable-8mbit.json,BBR,BOLA,cwnd+loss,cc-bbr_abr-bola_signals-cwnd-loss_netem-stable-8mbit,True,596.4,596.8916999999992,0.6307999999988824,0,0.0,0,1,0.9983221476510067,1.4036830771812079,0.16778523489932887,99.83221476510067,0,1194,30.20945058626466,33.735,1.6356027539747702,1.8365837842391959,93.38358458961474,35.903685092127304,4.0,1.256281407035176,0.0,0.0,0.0,completed,,1,0.0,229.7674457430311,26.632222036727878,1.4057440000000019
../pilots/cc-cubic_abr-bola_signals-cwnd_netem-stable-8mbit/run-01/dash_qoe_log_cc-cubic_abr-bola_signals-cwnd_netem-stable-8mbit.json,CUBIC,BOLA,cwnd,cc-cubic_abr-bola_signals-cwnd_netem-stable-8mbit,True,596.458332,596.8251999999992,0.40569999999925493,0,0.0,0,1,0.9983221476510067,1.4036830771812079,0.16778523489932887,99.83221476510067,0,1191,203.81725944584383,480.619,11.04304223252988,26.12485731369245,99.91603694374476,246.4416456759026,10.0,13.43408900083963,0.0,0.0,0.0,completed,,1,0.16722408026755853,234.9408710217431,26.734754180602007,1.4057440000000014
../pilots/cc-cubic_abr-bola_signals-rtt-cwnd-loss_netem-high-rtt-loss/run-01/dash_qoe_log_cc-cubic_abr-bola_signals-rtt-cwnd-loss_netem-high-rtt-loss.json,CUBIC,BOLA,rtt+cwnd+loss,cc-cubic_abr-bola_signals-rtt-cwnd-loss_netem-high-rtt-loss,True,596.4,597.6205,1.2307999999988823,0,0.0,0,6,0.008389261744966443,0.18773861409395973,98.99497487437186,0.8375209380234506,2,1197,138.79569757727654,149.409,1.3647959768676807,1.4706498374028552,1.086048454469507,17.717627401837927,1.0,18.295739348370926,0.8976503401284112,0.0,4.678362573099415,completed,,1,0.16611295681063123,247.5780366054874,13.752893687707642,0.18778093714060784
../pilots/cc-bbr_abr-bola_signals-rtt-loss_netem-constrained-2mbit/run-01/dash_qoe_log_cc-bbr_abr-bola_signals-rtt-loss_netem-constrained-2mbit.json,BBR,BOLA,rtt+loss,cc-bbr_abr-bola_signals-rtt-loss_netem-constrained-2mbit,True,596.458332,597.252,0.8526000000014902,0,0.0,0,27,0.8406040268456376,1.209956332214765,15.912897822445562,83.91959798994975,0,1190,99.59665798319328,119.00879999999998,1.9204260577001155,2.2936287769592165,98.90756302521008,28.849579831932772,4.0,3.9495798319327733,0.5151216820022535,2.616199589883799,12.77310924369748,completed,,1,0.0,293.15966666650024,18.744384999999998,1.211261232870844
../pilots/cc-bbr_abr-bola_signals-rtt-cwnd_netem-constrained-2mbit/run-01/dash_qoe_log_cc-bbr_abr-bola_signals-rtt-cwnd_netem-constrained-2mbit.json,BBR,BOLA,rtt+cwnd,cc-bbr_abr-bola_signals-rtt-cwnd_netem-constrained-2mbit,True,596.4,597.2029000000003,1.0035999999996275,0,0.0,0,23,0.889261744966443,1.2697230939597315,11.055276381909549,88.77721943048576,0,1195,98.53155648535565,116.0179,1.8936229397982798,2.2336900469155907,98.99581589958159,28.727196652719666,1.0,3.8493723849372383,0.6275010761295475,2.5094936708860747,13.138075313807532,completed,,1,0.0,276.69030100307475,18.705165551839464,1.2714572692176331
../pilots/cc-bbr_abr-bola_signals-loss_netem-constrained-2mbit/run-01/dash_qoe_log_cc-bbr_abr-bola_signals-loss_netem-constrained-2mbit.json,BBR,BOLA,loss,cc-bbr_abr-bola_signals-loss_netem-constrained-2mbit,True,596.4,597.5016999999992,1.2980999999996274,0,0.0,0,23,0.8926174496644296,1.2738449395973155,10.720268006700168,89.11222780569514,0,1198,97.24705008347246,115.01924999999994,1.8826464464518673,2.2364465047427977,98.9983305509182,28.67779632721202,4.0,3.7562604340567614,0.6446529210282156,2.5,13.52253756260434,completed,,1,0.0,250.43633333344323,18.561181666666666,1.2743402786433393
../pilots/cc-bbr_abr-throughput_signals-rtt-cwnd_netem-constrained-2mbit/run-01/dash_qoe_log_cc-bbr_abr-throughput_signals-rtt-cwnd_netem-constrained-2mbit.json,BBR,Throughput,rtt+cwnd,cc-bbr_abr-throughput_signals-rtt-cwnd_netem-constrained-2mbit,True,596.4,597.2561999999992,0.849199999999255,0.007000000000007223,0.0,0,58,0.5100671140939598,0.8039545369127518,48.91122278056952,50.9212730318258,0,1197,95.31598746867168,111.9008,1.8361908290764157,2.170366328916602,97.74436090225564,28.562238930659984,4.0,4.093567251461988,0.5922894654696099,2.7856025039123646,11.36173767752715,completed,,1,0.0,259.07512520855363,10.661414023372288,0.8043585444081798
../pilots/cc-cubic_abr-bola_signals-loss_netem-high-rtt-loss/run-01/dash_qoe_log_cc-cubic_abr-bola_signals-loss_netem-high-rtt-loss.json,CUBIC,BOLA,loss,cc-cubic_abr-bola_signals-loss_netem-high-rtt-loss,True,596.4,597.6176999999992,1.1897000000011175,0.02799999999812286,0.0,0,8,0.01174496644295302,0.19186045973154361,98.65996649916248,1.1725293132328307,0,1194,138.9137269681742,150.1597,1.3637239205671465,1.4754829975743586,2.763819095477387,17.105527638190956,1.0,21.440536013400337,1.0427205560381305,1.6212121212120936,5.276381909547739,completed,,1,0.16666666666666666,272.25726210360784,13.738048333333333,0.19185943169050854
../pilots/cc-bbr_abr-bola_signals-rtt-cwnd-loss_netem-high-rtt-loss/run-01/dash_qoe_log_cc-bbr_abr-bola_signals-rtt-cwnd-loss_netem-high-rtt-loss.json,BBR,BOLA,rtt+cwnd+loss,cc-bbr_abr-bola_signals-rtt-cwnd-loss_netem-high-rtt-loss,True,596.4,598.2838999999985,1.796,0.08789999999856168,0.0,0,3,0.9899497487437185,1.3933991758793969,1.0050251256281406,98.99497487437186,0,1193,146.58613746856662,157.5374,1.4464152429785055,1.5617176185847204,11.567476948868398,77.43839061190276,4.0,9.639564124057,1.2807023121120351,3.7037037037037033,22.883487007544005,completed,,1,0.1669449081803005,246.55969899652345,25.330061769616027,1.3934015369451678
../pilots/cc-cubic_abr-throughput_signals-rtt-cwnd_netem-high-rtt-loss/run-01/dash_qoe_log_cc-cubic_abr-throughput_signals-rtt-cwnd_netem-high-rtt-loss.json,CUBIC,Throughput,rtt+cwnd,cc-cubic_abr-throughput_signals-rtt-cwnd_netem-high-rtt-loss,True,596.4,597.6250999999978,1.3035999999996275,0,0.0,0,8,0.006711409395973154,0.18567769127516778,99.16247906197655,0.6700167504187605,1,1197,138.71505263157894,148.165,1.3631676249120384,1.443770593465112,1.5037593984962405,16.50125313283208,1.0,18.9640768588137,0.7630925089151642,0.0,4.177109440267335,completed,,1,0.0,267.4861435726633,15.242647746243739,0.1860725684355279
../pilots/cc-cubic_abr-bola_signals-rtt-cwnd-loss_netem-stable-8mbit/run-01/dash_qoe_log_cc-cubic_abr-bola_signals-rtt-cwnd-loss_netem-stable-8mbit.json,CUBIC,BOLA,rtt+cwnd+loss,cc-cubic_abr-bola_signals-rtt-cwnd-loss_netem-stable-8mbit,True,596.4,596.8846999999993,0.5575999999977648,0,0.0,0,1,0.9983221476510067,1.4036830771812079,0.16778523489932887,99.83221476510067,0,1195,204.8609849372385,519.4643999999998,11.08484618408229,28.141524459613187,99.9163179916318,251.54142259414226,10.0,12.05020920502092,0.0,0.0,0.0,completed,,1,0.1669449081803005,241.15551839492292,26.668654424040067,1.405744
../pilots/cc-bbr_abr-throughput_signals-loss_netem-constrained-2mbit/run-01/dash_qoe_log_cc-bbr_abr-throughput_signals-loss_netem-constrained-2mbit.json,BBR,Throughput,loss,cc-bbr_abr-throughput_signals-loss_netem-constrained-2mbit,True,596.458332,597.4876000000015,1.0452000000029802,0,0.0,0,24,0.8221476510067114,1.1872861812080535,17.75544388609715,82.07705192629815,0,1190,98.82971596638654,122.93494999999994,1.891471380709782,2.3253880588337887,96.05042016806723,28.947899159663866,4.0,3.9495798319327733,0.4967765292553202,2.48611111111111,13.361344537815127,completed,,1,0.5,261.6534338357236,18.30481,1.189112173047216
../pilots/cc-bbr_abr-throughput_signals-rtt-cwnd-loss_netem-stable-8mbit/run-01/dash_qoe_log_cc-bbr_abr-throughput_signals-rtt-cwnd-loss_netem-stable-8mbit.json,BBR,Throughput,rtt+cwnd+loss,cc-bbr_abr-throughput_signals-rtt-cwnd-loss_netem-stable-8mbit,True,596.4,596.8850999999978,0.46580000000074506,0.019299999997083428,0.0,0,1,0.9983221476510067,1.4036830771812079,0.16778523489932887,99.83221476510067,0,1193,30.33600419111484,34.36939999999999,1.6454898820739754,1.8659384849472884,92.45599329421626,36.138306789606034,4.0,1.173512154233026,0.0,0.0,0.0,completed,,1,0.16722408026755853,237.41792294790523,26.7655,1.405744
../pilots/cc-cubic_abr-bola_signals-rtt_netem-stable-8mbit/run-01/dash_qoe_log_cc-cubic_abr-bola_signals-rtt_netem-stable-8mbit.json,CUBIC,BOLA,rtt,cc-cubic_abr-bola_signals-rtt_netem-stable-8mbit,True,596.458332,596.8306999999993,0.47219999999925494,0,0.0,0,1,0.9983221476510067,1.4036830771812079,0.16778523489932887,99.83221476510067,0,1195,204.63665020920502,479.073,11.107386382373464,26.097564961595033,99.9163179916318,251.50460251046024,10.0,11.213389121338912,0.0,0.0,0.0,completed,,1,0.0,233.36460767957524,26.6718714524207,1.405744
../pilots/cc-cubic_abr-throughput_signals-none_netem-constrained-2mbit/run-01/dash_qoe_log_cc-cubic_abr-throughput_signals-none_netem-constrained-2mbit.json,CUBIC,Throughput,none,cc-cubic_abr-throughput_signals-none_netem-constrained-2mbit,True,596.4,597.2271999999992,0.8751000000014901,0,0.0,0,33,0.8573825503355704,1.2305655604026846,14.23785594639866,85.59463986599665,0,1183,168.37462130177514,316.52669999999995,3.238098143020023,6.169166991806475,98.22485207100591,28.417582417582416,5.0,68.04733727810651,0.7349554684052463,2.8129890453834063,13.947590870667794,completed,,1,0.667779632721202,258.4240336134967,18.746624373956596,1.2306620799948795
../pilots/cc-bbr_abr-bola_signals-rtt-loss_netem-high-rtt-loss/run-01/dash_qoe_log_cc-bbr_abr-bola_signals-rtt-loss_netem-high-rtt-loss.json,BBR,BOLA,rtt+loss,cc-bbr_abr-bola_signals-rtt-loss_netem-high-rtt-loss,True,596.458332,598.1371999999992,1.7323999999985098,0,0.0,0,1,0.9932998324958124,1.3975141172529313,0.6700167504187605,99.32998324958123,0,1191,146.875798488665,160.06650000000002,1.449349271789021,1.5859960633488095,11.502938706968934,77.44080604534005,1.0,10.495382031905962,1.756165304655321,4.366465544617339,23.67758186397985,completed,,1,0.0,291.892821369049,25.319125208681136,1.3975143216214898
../pilots/cc-bbr_abr-bola_signals-rtt_netem-constrained-2mbit/run-01/dash_qoe_log_cc-bbr_abr-bola_signals-rtt_netem-constrained-2mbit.json,BBR,BOLA,rtt,cc-bbr_abr-bola_signals-rtt_netem-constrained-2mbit,True,596.458332,597.483799999997,1.0417999999970198,0,0.0,0,21,0.8859060402684564,1.2656012483221477,11.390284757118929,88.44221105527639,0,1189,98.45385786375105,115.73099999999997,1.9007225449883627,2.2401487278319605,98.06560134566863,28.750210260723296,4.0,3.532380151387721,0.5263142225520503,2.666666666666667,13.708999158957107,completed,,1,0.5,292.39882747058317,18.74052,1.266557746665816
../pilots/cc-cubic_abr-throughput_signals-rtt-loss_netem-high-rtt-loss/run-01/dash_qoe_log_cc-cubic_abr-throughput_signals-rtt-loss_netem-high-rtt-loss.json,CUBIC,Throughput,rtt+loss,cc-cubic_abr-throughput_signals-rtt-loss_netem-high-rtt-loss,True,596.4,597.6023000000007,1.253199999999255,0,0.0,0,6,0.020134228187919462,0.20216507382550336,97.82244556113903,2.0100502512562812,0,1187,139.8848104465038,150.9182,1.3746327978706094,1.4780054874847708,3.7068239258635214,18.532434709351307,1.0,21.22999157540017,1.1619663524724455,1.5555555555556086,5.139005897219882,completed,,1,0.3333333333333333,276.82224080258715,14.887423333333333,0.20225802560973885
../pilots/cc-cubic_abr-throughput_signals-rtt-cwnd-loss_netem-stable-8mbit/run-01/dash_qoe_log_cc-cubic_abr-throughput_signals-rtt-cwnd-loss_netem-stable-8mbit.json,CUBIC,Throughput,rtt+cwnd+loss,cc-cubic_abr-throughput_signals-rtt-cwnd-loss_netem-stable-8mbit,True,596.458332,596.8656999999993,0.47419999999925494,0,0.0,0,1,0.9983221476510067,1.4036830771812079,0.16778523489932887,99.83221476510067,0,1195,203.38392719665273,492.95849999999933,11.039351406888887,26.85397940840003,99.9163179916318,249.08702928870292,10.0,11.799163179916318,0.0,0.0,0.0,completed,,1,0.0,249.9026755853229,26.718140468227425,1.405744
../pilots/cc-cubic_abr-bola_signals-loss_netem-constrained-2mbit/run-01/dash_qoe_log_cc-cubic_abr-bola_signals-loss_netem-constrained-2mbit.json,CUBIC,BOLA,loss,cc-cubic_abr-bola_signals-loss_netem-constrained-2mbit,True,596.4,597.2298000000008,0.9453999999985099,0,0.0,0,27,0.8875838926174496,1.2676621711409397,11.222780569514239,88.60971524288107,0,1198,186.89855175292152,401.4242999999998,3.625904767682091,7.804454136036972,99.24874791318865,31.712854757929883,2.0,65.52587646076795,0.7795882817893871,2.8985507246376816,14.691151919866444,completed,,1,0.0,264.5226666669361,18.386589999999998,1.2687311440647606
../pilots/cc-cubic_abr-throughput_signals-rtt-cwnd-loss_netem-constrained-2mbit/run-01/dash_qoe_log_cc-cubic_abr-throughput_signals-rtt-cwnd-loss_netem-constrained-2mbit.json,CUBIC,Throughput,rtt+cwnd+loss,cc-cubic_abr-throughput_signals-rtt-cwnd-loss_netem-constrained-2mbit,True,596.4,597.2986999999993,0.960199999999255,0,0.0,0,58,0.08892617449664429,0.28666290939597316,90.95477386934674,8.877721943048575,41,1195,134.0346920502092,232.5541,2.5931555244380062,4.509685314685314,98.57740585774059,23.09121338912134,4.0,46.44351464435147,0.9135041598099185,3.1899641577060907,10.460251046025105,completed,,1,0.0,276.64407345576086,9.115794657762939,0.2881113602861329
../pilots/cc-cubic_abr-bola_signals-none_netem-high-rtt-loss/run-01/dash_qoe_log_cc-cubic_abr-bola_signals-none_netem-high-rtt-loss.json,CUBIC,BOLA,none,cc-cubic_abr-bola_signals-none_netem-high-rtt-loss,True,596.4,597.5908000000007,1.230199999999255,0,0.0,0,0,0.0,0.177434,99.83249581239531,0.0,0,1191,138.2180495382032,146.707,1.3468595674212906,1.435764421696647,0.41981528127623846,15.834592779177163,1.0,18.387909319899244,0.7351983930089625,0.0,4.450041981528128,completed,,1,0.33277870216306155,304.7218697826395,13.864457570715475,0.17743400000000012
../pilots/cc-cubic_abr-bola_signals-none_netem-stable-8mbit/run-01/dash_qoe_log_cc-cubic_abr-bola_signals-none_netem-stable-8mbit.json,CUBIC,BOLA,none,cc-cubic_abr-bola_signals-none_netem-stable-8mbit,True,596.458332,596.886,0.4891000000014901,0,0.0,0,1,0.9983221476510067,1.4036830771812079,0.16778523489932887,99.83221476510067,0,1193,202.4040310142498,479.072,11.017001293956756,26.107465940054496,99.83235540653814,247.9656328583403,10.0,10.813076278290024,0.0,0.0,0.0,completed,,1,0.0,239.81337792613857,26.686180602006687,1.405744
../pilots/cc-cubic_abr-bola_signals-rtt-loss_netem-high-rtt-loss/run-01/dash_qoe_log_cc-cubic_abr-bola_signals-rtt-loss_netem-high-rtt-loss.json,CUBIC,BOLA,rtt+loss,cc-cubic_abr-bola_signals-rtt-loss_netem-high-rtt-loss,True,596.4,597.6929000000023,1.3699000000022352,0,0.0,0,8,0.006711409395973154,0.18567769127516778,99.16247906197655,0.6700167504187605,1,1191,138.58253736356002,147.933,1.3625737527380568,1.4607824867346038,1.9311502938706968,17.82367758186398,2.0,19.98320738874895,0.8323921782111988,2.2246941045606228,5.205709487825357,completed,,1,0.49916805324459235,296.25434782589633,13.714364392678869,0.18586471673871757
../pilots/cc-bbr_abr-bola_signals-rtt-cwnd-loss_netem-stable-8mbit/run-01/dash_qoe_log_cc-bbr_abr-bola_signals-rtt-cwnd-loss_netem-stable-8mbit.json,BBR,BOLA,rtt+cwnd+loss,cc-bbr_abr-bola_signals-rtt-cwnd-loss_netem-stable-8mbit,True,596.458332,596.8833999999985,0.48269999999925495,0,0.0,0,1,0.9983221476510067,1.4036830771812079,0.16778523489932887,99.83221476510067,0,1192,30.894395973154364,36.668,1.6704647613403505,1.9970589837154837,93.79194630872483,35.81124161073826,4.0,0.8389261744966443,0.0,0.0,0.0,completed,,1,0.0,222.243478260816,26.716730769230768,1.405744
../pilots/cc-cubic_abr-bola_signals-rtt-cwnd-loss_netem-constrained-2mbit/run-01/dash_qoe_log_cc-cubic_abr-bola_signals-rtt-cwnd-loss_netem-constrained-2mbit.json,CUBIC,BOLA,rtt+cwnd+loss,cc-cubic_abr-bola_signals-rtt-cwnd-loss_netem-constrained-2mbit,True,596.4,597.1903999999985,0.8520999999977649,0,0.0,0,44,0.07550335570469799,0.2701755268456376,92.29480737018426,7.5376884422110555,40,1196,136.81,231.71675,2.6636978175943096,4.496737631060766,99.33110367892976,23.467391304347824,1.0,49.163879598662206,0.7687971376415579,2.7492389649923896,9.949832775919733,completed,,1,0.0,278.54030100349024,9.189740802675585,0.27108633524004755
../pilots/cc-cubic_abr-bola_signals-cwnd_netem-constrained-2mbit/run-01/dash_qoe_log_cc-cubic_abr-bola_signals-cwnd_netem-constrained-2mbit.json,CUBIC,BOLA,cwnd,cc-cubic_abr-bola_signals-cwnd_netem-constrained-2mbit,True,596.4,597.1601000000015,0.8016000000014901,0,0.0,0,25,0.8154362416107382,1.179042489932886,18.42546063651591,81.4070351758794,6,1192,170.30565016778522,324.3819500000002,3.301147789701499,6.314068668695837,99.24496644295301,28.113255033557046,1.0,67.53355704697987,1.0783712445721276,3.0303030303030303,15.016778523489933,completed,,1,0.333889816360601,284.8527638190855,17.916227045075125,1.1789046465591484
../pilots/cc-bbr_abr-bola_signals-cwnd_netem-high-rtt-loss/run-01/dash_qoe_log_cc-bbr_abr-bola_signals-cwnd_netem-high-rtt-loss.json,BBR,BOLA,cwnd,cc-bbr_abr-bola_signals-cwnd_netem-high-rtt-loss,True,596.458332,597.507,1.151,0,0.0,0,11,0.9714765100671141,1.370708312080537,2.847571189279732,96.98492462311557,0,1193,147.486128248114,157.6812,1.4555445702068215,1.5614904048566371,11.73512154233026,76.90779547359598,4.0,9.136630343671417,1.7194426398511253,3.8461538461538463,23.134953897736796,completed,,1,0.1669449081803005,289.4623745820457,24.978454090150247,1.3706598865265454
../pilots/cc-bbr_abr-bola_signals-rtt_netem-high-rtt-loss/run-01/dash_qoe_log_cc-bbr_abr-bola_signals-rtt_netem-high-rtt-loss.json,BBR,BOLA,rtt,cc-bbr_abr-bola_signals-rtt_netem-high-rtt-loss,True,596.4,598.1211000000014,1.7502000000029803,0,0.0,0,3,0.9916107382550335,1.39543938590604,0.8389261744966443,99.16107382550335,0,1192,147.85729194630872,162.4308,1.4418257451791545,1.5835882267169192,13.590604026845638,78.03523489932886,1.0,9.060402684563758,1.8716870061328457,3.760613207547171,23.65771812080537,completed,,1,0.333889816360601,259.6971524288594,25.34611185308848,1.3953645034572488
../pilots/cc-bbr_abr-throughput_signals-cwnd_netem-high-rtt-loss/run-01/dash_qoe_log_cc-bbr_abr-throughput_signals-cwnd_netem-high-rtt-loss.json,BBR,Throughput,cwnd,cc-bbr_abr-throughput_signals-cwnd_netem-high-rtt-loss,True,596.4,598.1293999999986,1.753,0,0.0,0,3,0.9966442953020134,1.401622154362416,0.33557046979865773,99.66442953020135,0,1194,147.8573040201005,160.15574999999998,1.448723181751268,1.5775926127750641,11.474036850921273,78.77554438860972,2.0,8.877721943048575,1.3416595021097006,3.7037037037037033,23.283082077051926,completed,,1,0.16666666666666666,253.19749582675792,25.399788333333333,1.4016230511976218
../pilots/cc-bbr_abr-throughput_signals-loss_netem-high-rtt-loss/run-01/dash_qoe_log_cc-bbr_abr-throughput_signals-loss_netem-high-rtt-loss.json,BBR,Throughput,loss,cc-bbr_abr-throughput_signals-loss_netem-high-rtt-loss,True,596.4,599.1386000000015,2.365900000002235,0.3726999999992624,0.0,0,15,0.947986577181208,1.3418553926174497,5.192629815745394,94.63986599664992,1,1195,147.7846979079498,162.2307,1.449580865481184,1.6081189830407439,13.138075313807532,78.06527196652719,1.0,9.03765690376569,1.5100583233459313,3.7037037037037033,22.426778242677823,completed,,1,0.16666666666666666,286.1550918197841,24.432825,1.3423250331551333
../pilots/cc-cubic_abr-bola_signals-rtt-loss_netem-stable-8mbit/run-01/dash_qoe_log_cc-cubic_abr-bola_signals-rtt-loss_netem-stable-8mbit.json,CUBIC,BOLA,rtt+loss,cc-cubic_abr-bola_signals-rtt-loss_netem-stable-8mbit,True,596.4,596.8863000000008,0.5546999999992549,0,0.0,0,1,0.9983221476510067,1.4036830771812079,0.16778523489932887,99.83221476510067,0,1196,205.63833946488293,479.26675,11.202331975054623,26.151925669057498,99.91638795986623,251.5284280936455,10.0,13.377926421404682,0.0,0.0,0.0,completed,,1,0.0,249.31488294308275,26.729404682274247,1.405744
../pilots/cc-bbr_abr-bola_signals-rtt_netem-stable-8mbit/run-01/dash_qoe_log_cc-bbr_abr-bola_signals-rtt_netem-stable-8mbit.json,BBR,BOLA,rtt,cc-bbr_abr-bola_signals-rtt_netem-stable-8mbit,True,596.4,596.8825999999978,0.44269999999925497,0.039899999998518954,0.0,0,1,0.9983221476510067,1.4036830771812079,0.16778523489932887,99.83221476510067,0,1191,30.779769941225858,34.9045,1.6706962142846884,1.8988715041160116,93.03106633081444,36.126784214945424,4.0,1.2594458438287153,0.0,0.0,0.0,completed,,1,0.16722408026755853,235.8728643213672,26.758374581939798,1.405744
../pilots/cc-cubic_abr-throughput_signals-loss_netem-high-rtt-loss/run-01/dash_qoe_log_cc-cubic_abr-throughput_signals-loss_netem-high-rtt-loss.json,CUBIC,Throughput,loss,cc-cubic_abr-throughput_signals-loss_netem-high-rtt-loss,True,596.458332,597.7868999999985,1.333,0,0.0,0,2,0.0,0.177434,99.83249581239531,0.0,0,1191,138.78947858942067,150.367,1.3629547884329398,1.4744601812749232,3.526448362720403,18.055415617128464,2.0,19.8992443324937,0.5178324790030681,0.0,4.953820319059614,completed,,1,0.333889816360601,275.5599664991887,14.937025041736227,0.1774340000000001
../pilots/cc-bbr_abr-bola_signals-rtt-cwnd-loss_netem-constrained-2mbit/run-01/dash_qoe_log_cc-bbr_abr-bola_signals-rtt-cwnd-loss_netem-constrained-2mbit.json,BBR,BOLA,rtt+cwnd+loss,cc-bbr_abr-bola_signals-rtt-cwnd-loss_netem-constrained-2mbit,True,596.4,597.4791000000015,1.18660000000149,0,0.0,0,19,0.87751677852349,1.255296634228188,12.22780569514238,87.60469011725293,0,1184,98.84452364864865,115.67674999999997,1.8959564968536633,2.21982571895894,98.22635135135135,28.732263513513512,4.0,4.72972972972973,0.4433859203835672,2.4390243902439024,13.091216216216216,completed,,1,0.667779632721202,275.78588235282473,19.019550918196995,1.255354143444388
../pilots/cc-cubic_abr-bola_signals-rtt-loss_netem-constrained-2mbit/run-01/dash_qoe_log_cc-cubic_abr-bola_signals-rtt-loss_netem-constrained-2mbit.json,CUBIC,BOLA,rtt+loss,cc-cubic_abr-bola_signals-rtt-loss_netem-constrained-2mbit,True,596.4,597.2284000000022,0.7258000000007451,0.10260000000151648,0.0,0,44,0.09380234505862646,0.2926523584589615,90.61976549413735,9.380234505862646,39,1192,130.72975587248322,213.05980000000005,2.5340124690137915,4.103646269092327,98.5738255033557,22.738255033557046,5.0,47.23154362416108,0.6988605490826997,2.7193631988152553,10.151006711409396,completed,,1,0.1669449081803005,278.2339464881548,9.784552587646077,0.2945503462076114
../pilots/cc-bbr_abr-throughput_signals-loss_netem-stable-8mbit/run-01/dash_qoe_log_cc-bbr_abr-throughput_signals-loss_netem-stable-8mbit.json,BBR,Throughput,loss,cc-bbr_abr-throughput_signals-loss_netem-stable-8mbit,True,596.4,596.8888999999986,0.4777999999970198,0.01110000000156014,0.0,0,1,0.9983221476510067,1.4036830771812079,0.16778523489932887,99.83221476510067,0,1191,30.56224265323258,34.734,1.6606911865072647,1.8987844275310737,90.848026868178,35.73131821998321,4.0,1.1754827875734677,0.0,0.0,0.0,completed,,1,0.1669449081803005,201.56705685622094,26.721941569282137,1.405744
../pilots/cc-bbr_abr-throughput_signals-rtt_netem-stable-8mbit/run-01/dash_qoe_log_cc-bbr_abr-throughput_signals-rtt_netem-stable-8mbit.json,BBR,Throughput,rtt,cc-bbr_abr-throughput_signals-rtt_netem-stable-8mbit,True,596.4,596.8866000000015,0.4793999999985099,0.007200000003034779,0.0,0,1,0.9983221476510067,1.4036830771812079,0.16778523489932887,99.83221476510067,0,1195,30.69912970711297,35.122,1.666789769361279,1.9113730626500764,92.55230125523012,36.201673640167364,4.0,0.8368200836820083,0.0,0.0,0.0,completed,,1,0.0,232.7520066893295,26.740287625418063,1.405744
../pilots/cc-bbr_abr-throughput_signals-none_netem-high-rtt-loss/run-01/dash_qoe_log_cc-bbr_abr-throughput_signals-none_netem-high-rtt-loss.json,BBR,Throughput,none,cc-bbr_abr-throughput_signals-none_netem-high-rtt-loss,True,596.4,598.108,1.7515,0,0.0,0,3,0.9966442953020134,1.401622154362416,0.33557046979865773,99.66442953020135,0,1190,146.74831092436975,160.357,1.4420989523633676,1.5756999211356466,13.697478991596638,78.35714285714286,2.0,9.159663865546218,1.823991179417713,3.79746835443038,23.69747899159664,completed,,1,0.49916805324459235,249.56638795970923,25.272029950083194,1.4016241783456456
../pilots/cc-cubic_abr-throughput_signals-loss_netem-stable-8mbit/run-01/dash_qoe_log_cc-cubic_abr-throughput_signals-loss_netem-stable-8mbit.json,CUBIC,Throughput,loss,cc-cubic_abr-throughput_signals-loss_netem-stable-8mbit,True,596.4,596.887299999997,0.4518999999985099,0.03539999999853899,0.0,0,1,0.9983221476510067,1.4036830771812079,0.16778523489932887,99.83221476510067,0,1191,192.83506801007556,487.392,10.47277682369134,26.533398660787196,99.91603694374476,227.43744752308984,10.0,12.594458438287154,0.0,0.0,0.0,completed,,1,0.16722408026755853,252.08710217783525,26.675352842809367,1.4057439999999997
../pilots/cc-cubic_abr-bola_signals-none_netem-constrained-2mbit/run-01/dash_qoe_log_cc-cubic_abr-bola_signals-none_netem-constrained-2mbit.json,CUBIC,BOLA,none,cc-cubic_abr-bola_signals-none_netem-constrained-2mbit,True,596.4,597.2108999999986,0.7978999999985099,0.013000000000072731,0.0,0,13,0.8994974874371859,1.2822957587939698,10.050251256281408,89.94974874371859,0,1181,175.0809297205758,324.464,3.363445754294741,6.32064518642615,99.23793395427603,29.678238780694326,7.0,65.87637595258256,0.6791488632491806,2.941176470588235,14.479254868755293,completed,,1,0.667779632721202,259.7465546222294,19.965928213689484,1.2850569474134166
../pilots/cc-bbr_abr-throughput_signals-rtt_netem-high-rtt-loss/run-01/dash_qoe_log_cc-bbr_abr-throughput_signals-rtt_netem-high-rtt-loss.json,BBR,Throughput,rtt,cc-bbr_abr-throughput_signals-rtt_netem-high-rtt-loss,True,596.4,598.130299999997,1.74,0,0.0,0,3,0.9966499162479062,1.4016290586264657,0.33500837520938026,99.66499162479062,0,1183,150.52820540997465,164.027,1.4668088043383976,1.6154884078239802,14.285714285714286,78.8334742180896,1.0,9.213863060016907,1.6054519759885613,3.8461538461538463,23.076923076923077,completed,,1,0.6655574043261231,267.5467336685701,25.246642262895175,1.40162926713047
../pilots/cc-cubic_abr-bola_signals-loss_netem-stable-8mbit/run-01/dash_qoe_log_cc-cubic_abr-bola_signals-loss_netem-stable-8mbit.json,CUBIC,BOLA,loss,cc-cubic_abr-bola_signals-loss_netem-stable-8mbit,True,596.458332,596.8431000000015,0.4765,0,0.0,0,1,0.9983221476510067,1.4036830771812079,0.16778523489932887,99.83221476510067,0,1190,206.87612100840337,513.755,11.237455576474186,27.921467391304347,99.91596638655462,253.1705882352941,10.0,11.344537815126051,0.0,0.0,0.0,completed,,1,0.16722408026755853,252.12864321580085,26.71816722408027,1.405744
../pilots/cc-cubic_abr-throughput_signals-cwnd_netem-high-rtt-loss/run-01/dash_qoe_log_cc-cubic_abr-throughput_signals-cwnd_netem-high-rtt-loss.json,CUBIC,Throughput,cwnd,cc-cubic_abr-throughput_signals-cwnd_netem-high-rtt-loss,True,596.4,597.6447999999971,1.2708999999985098,0,0.0,0,4,0.003355704697986577,0.1815558456375839,99.49748743718592,0.33500837520938026,1,1189,137.87038519764508,146.446,1.3586262309188581,1.4486761044037262,1.0933557611438183,15.574432296047098,1.0,18.502943650126156,0.7743434506193716,0.0,4.205214465937763,completed,,1,0.333889816360601,226.2978224458432,15.129367278797996,0.1815551838971495
../pilots/cc-bbr_abr-bola_signals-rtt-loss_netem-stable-8mbit/run-01/dash_qoe_log_cc-bbr_abr-bola_signals-rtt-loss_netem-stable-8mbit.json,BBR,BOLA,rtt+loss,cc-bbr_abr-bola_signals-rtt-loss_netem-stable-8mbit,True,596.458332,596.8399000000022,0.4051000000014901,0,0.0,0,1,0.9983221476510067,1.4036830771812079,0.16778523489932887,99.83221476510067,0,1198,30.761316360601,34.83484999999999,1.6679896769019535,1.8946293723779333,93.07178631051752,36.164440734557594,4.0,1.335559265442404,0.0,0.0,0.0,completed,,1,0.0,254.58699999981872,26.72884,1.405744
../pilots/cc-bbr_abr-throughput_signals-rtt-cwnd-loss_netem-constrained-2mbit/run-01/dash_qoe_log_cc-bbr_abr-throughput_signals-rtt-cwnd-loss_netem-constrained-2mbit.json,BBR,Throughput,rtt+cwnd+loss,cc-bbr_abr-throughput_signals-rtt-cwnd-loss_netem-constrained-2mbit,True,596.4,597.4838000000008,1.1437000000029802,0,0.0,0,17,0.9010067114093959,1.2841495536912753,9.882747068676716,89.94974874371859,0,1190,99.28817731092437,117.43589999999999,1.9158230520337975,2.269250267985873,98.90756302521008,29.027731092436976,4.0,3.19327731092437,0.4880042647060724,2.5352564102564075,12.77310924369748,completed,,1,0.1669449081803005,262.391471572158,19.93712020033389,1.2842372036815208
../pilots/cc-cubic_abr-throughput_signals-cwnd-loss_netem-constrained-2mbit/run-01/dash_qoe_log_cc-cubic_abr-throughput_signals-cwnd-loss_netem-constrained-2mbit.json,CUBIC,Throughput,cwnd+loss,cc-cubic_abr-throughput_signals-cwnd-loss_netem-constrained-2mbit,True,596.4,597.2133999999985,0.768,0.04539999999852351,0.0,0,24,0.6934673366834171,1.029226864321608,30.65326633165829,69.34673366834171,4,1195,179.21627866108787,390.6227,3.4344215608122046,7.434890798641758,98.99581589958159,31.063598326359834,7.0,58.57740585774059,0.9249542229515797,2.8985507246376807,12.05020920502092,completed,,1,0.0,273.8963272117937,17.327687813021704,1.0318359799043382
../pilots/cc-bbr_abr-bola_signals-none_netem-constrained-2mbit/run-01/dash_qoe_log_cc-bbr_abr-bola_signals-none_netem-constrained-2mbit.json,BBR,BOLA,none,cc-bbr_abr-bola_signals-none_netem-constrained-2mbit,True,596.458332,597.508,1.0813999999985098,0,0.0,0,19,0.8674496644295302,1.2429310973154362,13.23283082077052,86.59966499162479,0,1195,98.77387866108786,119.3994,1.8824261015059922,2.3069669342767716,98.24267782426779,28.87531380753138,4.0,3.8493723849372383,0.44923859549261524,2.4390243902439024,13.138075313807532,completed,,1,0.16666666666666666,292.45575959920785,18.583326666666665,1.2437600169350875
../pilots/cc-bbr_abr-bola_signals-rtt-cwnd_netem-high-rtt-loss/run-01/dash_qoe_log_cc-bbr_abr-bola_signals-rtt-cwnd_netem-high-rtt-loss.json,BBR,BOLA,rtt+cwnd,cc-bbr_abr-bola_signals-rtt-cwnd_netem-high-rtt-loss,True,596.458332,598.1303000000007,1.7154000000022351,0,0.0,0,3,0.9916247906197655,1.3954566465661642,0.8375209380234506,99.16247906197655,0,1195,146.2787481171548,160.257,1.4447425679305446,1.5893939243669977,11.380753138075313,77.81673640167364,4.0,8.870292887029288,2.2077180438383985,4.354916067146278,23.430962343096233,completed,,1,0.16666666666666666,295.4864774624598,25.250255,1.3952307221966187
../pilots/cc-cubic_abr-bola_signals-cwnd-loss_netem-high-rtt-loss/run-01/dash_qoe_log_cc-cubic_abr-bola_signals-cwnd-loss_netem-high-rtt-loss.json,CUBIC,BOLA,cwnd+loss,cc-cubic_abr-bola_signals-cwnd-loss_netem-high-rtt-loss,True,596.4,597.6080999999978,1.276300000000745,0,0.0,0,6,0.008389261744966443,0.18773861409395973,98.99497487437186,0.8375209380234506,2,1188,139.30773653198654,150.95805,1.3701101308237331,1.460546770568257,3.451178451178451,17.86111111111111,2.0,20.707070707070706,0.7628625843797686,1.789215686274443,5.134680134680135,completed,,1,0.5008347245409015,243.10100671147066,13.693492487479132,0.18692062808139123
../pilots/cc-cubic_abr-bola_signals-rtt-cwnd_netem-constrained-2mbit/run-01/dash_qoe_log_cc-cubic_abr-bola_signals-rtt-cwnd_netem-constrained-2mbit.json,CUBIC,BOLA,rtt+cwnd,cc-cubic_abr-bola_signals-rtt-cwnd_netem-constrained-2mbit,True,596.4,597.1766999999993,0.782,0,0.0,0,62,0.07885906040268456,0.27429737248322145,91.95979899497488,7.872696817420436,37,1188,136.0618383838384,226.92284999999964,2.6188782998054623,4.248902116901256,98.82154882154882,24.196969696969695,1.0,50.25252525252525,0.6792821559100992,2.666666666666667,9.764309764309765,completed,,1,0.333889816360601,305.78291457293045,9.575651085141903,0.2753761364307838
../pilots/cc-bbr_abr-bola_signals-none_netem-stable-8mbit/run-01/dash_qoe_log_cc-bbr_abr-bola_signals-none_netem-stable-8mbit.json,BBR,BOLA,none,cc-bbr_abr-bola_signals-none_netem-stable-8mbit,True,596.458332,596.8215,0.4675,0,0.0,0,1,0.9983221476510067,1.4036830771812079,0.16778523489932887,99.83221476510067,0,1188,30.53381228956229,34.75,1.6458132950084605,1.8432053857429826,92.34006734006734,35.813131313131315,4.0,0.5892255892255892,0.0,0.0,0.0,completed,,1,0.33444816053511706,239.82533557081732,26.801454849498327,1.405744
../pilots/cc-bbr_abr-throughput_signals-rtt_netem-constrained-2mbit/run-01/dash_qoe_log_cc-bbr_abr-throughput_signals-rtt_netem-constrained-2mbit.json,BBR,Throughput,rtt,cc-bbr_abr-throughput_signals-rtt_netem-constrained-2mbit,True,596.4,597.1953999999985,0.8018999999985099,0,0.0,0,19,0.88107202680067,1.2596635812395311,11.892797319932999,88.107202680067,0,1193,98.66436127409891,116.15979999999998,1.9059508883756024,2.2465735756448457,98.23973176865046,28.609388097233865,4.0,4.526404023470243,0.5338769190388373,2.544628367413173,13.160100586756077,completed,,1,0.1669449081803005,270.92775919702666,18.696834724540903,1.2617540590509593
../pilots/cc-bbr_abr-throughput_signals-cwnd-loss_netem-high-rtt-loss/run-01/dash_qoe_log_cc-bbr_abr-throughput_signals-cwnd-loss_netem-high-rtt-loss.json,BBR,Throughput,cwnd+loss,cc-bbr_abr-throughput_signals-cwnd-loss_netem-high-rtt-loss,True,596.4,597.8035,1.458199999999255,0,0.0,0,3,0.9966442953020134,1.401622154362416,0.33500837520938026,99.49748743718592,0,1171,146.5685926558497,159.5005,1.4342057462845819,1.568281433487778,12.638770281810418,78.50042698548249,2.0,8.88129803586678,1.39909559797053,3.75,23.3134073441503,completed,,1,2.003338898163606,296.72470187388194,25.393181969949914,1.4020187290826793
../pilots/cc-cubic_abr-throughput_signals-rtt_netem-high-rtt-loss/run-01/dash_qoe_log_cc-cubic_abr-throughput_signals-rtt_netem-high-rtt-loss.json,CUBIC,Throughput,rtt,cc-cubic_abr-throughput_signals-rtt_netem-high-rtt-loss,True,596.4,597.7945,1.4545999999977648,0,0.0,0,14,0.013422818791946308,0.19392138255033559,98.49246231155779,1.340033500837521,0,1167,139.87856383890318,150.8141,1.370839382304044,1.4680059154566116,3.0848329048843186,19.742073693230505,1.0,17.13796058269066,0.721724066548161,0.8961410913476089,5.141388174807198,completed,,1,2.1702838063439067,267.9341296927603,14.849734557595994,0.19387419017620183
../pilots/cc-cubic_abr-throughput_signals-rtt-cwnd_netem-stable-8mbit/run-01/dash_qoe_log_cc-cubic_abr-throughput_signals-rtt-cwnd_netem-stable-8mbit.json,CUBIC,Throughput,rtt+cwnd,cc-cubic_abr-throughput_signals-rtt-cwnd_netem-stable-8mbit,True,596.458332,596.8277999999971,0.4748999999985099,0,0.0,0,1,0.9983221476510067,1.4036830771812079,0.16778523489932887,99.83221476510067,0,1192,201.00956124161073,487.42875000000083,10.894535536576608,26.51729553442456,99.74832214765101,247.92869127516778,10.0,10.822147651006711,0.0,0.0,0.0,completed,,1,0.1669449081803005,235.98210702339392,26.71556093489149,1.405744
../pilots/cc-bbr_abr-throughput_signals-cwnd_netem-constrained-2mbit/run-01/dash_qoe_log_cc-bbr_abr-throughput_signals-cwnd_netem-constrained-2mbit.json,BBR,Throughput,cwnd,cc-bbr_abr-throughput_signals-cwnd_netem-constrained-2mbit,True,596.4,597.5181000000015,1.045,0.07310000000150474,0.0,0,30,0.8492462311557789,1.2205716381909546,15.075376884422111,84.92462311557789,0,1163,97.57027085124678,117.42439999999998,1.8896944772239648,2.2853185271770893,98.28030954428203,28.509888220120377,4.0,4.815133276010318,0.6564650339279778,2.773972602739721,13.155631986242476,completed,,1,2.995008319467554,313.2142367065528,18.696682196339435,1.2232341907090123
../pilots/cc-bbr_abr-bola_signals-loss_netem-stable-8mbit/run-01/dash_qoe_log_cc-bbr_abr-bola_signals-loss_netem-stable-8mbit.json,BBR,BOLA,loss,cc-bbr_abr-bola_signals-loss_netem-stable-8mbit,True,596.4,596.8863000000008,0.40569999999925493,0.08060000000156925,0.0,0,1,0.9983221476510067,1.4036830771812079,0.16778523489932887,99.83221476510067,0,1168,30.501960616438357,34.311999999999976,1.6587098850165718,1.8680527506737914,93.75,35.8458904109589,4.0,1.2842465753424657,0.0,0.0,0.0,completed,,1,2.1702838063439067,307.00955631369055,26.736654424040065,1.405744
../pilots/cc-bbr_abr-throughput_signals-rtt-loss_netem-constrained-2mbit/run-01/dash_qoe_log_cc-bbr_abr-throughput_signals-rtt-loss_netem-constrained-2mbit.json,BBR,Throughput,rtt+loss,cc-bbr_abr-throughput_signals-rtt-loss_netem-constrained-2mbit,True,596.4,597.2566999999992,0.763300000000745,0.09339999999850535,0.0,0,29,0.9028475711892797,1.286410700167504,9.715242881072026,90.28475711892797,0,1192,99.70209312080537,116.0271,1.9062278617051978,2.2346058115304475,97.6510067114094,29.036073825503355,4.0,3.6912751677852347,0.5926017308704411,2.73648648648649,12.919463087248323,completed,,1,0.16722408026755853,239.42780569499013,18.988540133779267,1.2880662036846906
../pilots/cc-bbr_abr-bola_signals-none_netem-high-rtt-loss/run-01/dash_qoe_log_cc-bbr_abr-bola_signals-none_netem-high-rtt-loss.json,BBR,BOLA,none,cc-bbr_abr-bola_signals-none_netem-high-rtt-loss,True,596.4,597.6163000000007,1.2775999999977647,0,0.0,0,1,0.9932885906040269,1.3975003087248323,0.6700167504187605,99.16247906197655,0,1162,147.56578055077452,161.522,1.4270005699993749,1.5635488321574997,11.61790017211704,78.19363166953528,1.0,9.46643717728055,2.14901207942915,4.077551020408167,23.752151462994835,completed,,1,2.8286189683860234,265.62243150690034,25.353923460898503,1.3974996904479928
../pilots/cc-cubic_abr-throughput_signals-cwnd-loss_netem-high-rtt-loss/run-01/dash_qoe_log_cc-cubic_abr-throughput_signals-cwnd-loss_netem-high-rtt-loss.json,CUBIC,Throughput,cwnd+loss,cc-cubic_abr-throughput_signals-cwnd-loss_netem-high-rtt-loss,True,596.458332,597.7409000000023,1.4006999999992549,0,0.0,0,4,0.015100671140939598,0.1959823053691275,98.3249581239531,1.5075376884422111,1,1159,139.03207506471094,150.3312,1.3652478728281356,1.4603693407466243,1.9844693701466782,18.321829163071612,1.0,15.962036238136324,0.7176294579067596,0.0,4.918032786885246,completed,,1,2.671118530884808,210.5542024014898,15.101404006677797,0.19566986946979553
../pilots/cc-bbr_abr-bola_signals-rtt-cwnd_netem-stable-8mbit/run-01/dash_qoe_log_cc-bbr_abr-bola_signals-rtt-cwnd_netem-stable-8mbit.json,BBR,BOLA,rtt+cwnd,cc-bbr_abr-bola_signals-rtt-cwnd_netem-stable-8mbit,True,596.458332,596.874799999997,0.520699999999255,0,0.0,0,1,0.9983221476510067,1.4036830771812079,0.16778523489932887,99.83221476510067,0,1191,30.81471452560873,34.472,1.673658079473389,1.87858310626703,89.16876574307305,36.62384550797649,4.0,1.0075566750629723,0.0,0.0,0.0,completed,,1,0.16722408026755853,229.99229480716176,26.82035618729097,1.405744
../pilots/cc-cubic_abr-throughput_signals-rtt-cwnd-loss_netem-high-rtt-loss/run-01/dash_qoe_log_cc-cubic_abr-throughput_signals-rtt-cwnd-loss_netem-high-rtt-loss.json,CUBIC,Throughput,rtt+cwnd+loss,cc-cubic_abr-throughput_signals-rtt-cwnd-loss_netem-high-rtt-loss,True,596.458332,597.6201999999993,1.2,0,0.0,0,6,0.016778523489932886,0.19804322818791945,98.1574539363484,1.6750418760469012,1,1158,138.30509067357514,149.72,1.3669051943043906,1.4714708158850498,2.936096718480138,16.877374784110536,1.0,20.293609671848014,0.9162076440994,0.0,4.7495682210708114,completed,,1,2.6755852842809364,285.29295532652446,15.15522408026756,0.1983770291606602
../pilots/cc-cubic_abr-bola_signals-cwnd_netem-high-rtt-loss/run-01/dash_qoe_log_cc-cubic_abr-bola_signals-cwnd_netem-high-rtt-loss.json,CUBIC,BOLA,cwnd,cc-cubic_abr-bola_signals-cwnd_netem-high-rtt-loss,True,596.458332,597.764,1.3734000000022353,0,0.0,0,6,0.0050335570469798654,0.18361676845637584,99.32998324958123,0.5025125628140703,2,1153,138.8688629661752,150.49639999999997,1.3565825838598666,1.4493419370069447,2.515177797051171,17.43191673894189,1.0,20.901994796183867,1.0091946097918965,2.109090909090872,5.2905464006938425,completed,,1,2.6755852842809364,312.2886597933408,13.90903010033445,0.18383246564826675
../pilots/cc-cubic_abr-throughput_signals-rtt_netem-constrained-2mbit/run-01/dash_qoe_log_cc-cubic_abr-throughput_signals-rtt_netem-constrained-2mbit.json,CUBIC,Throughput,rtt,cc-cubic_abr-throughput_signals-rtt_netem-constrained-2mbit,True,596.458332,597.1641999999993,0.7363999999985099,0,0.0,0,56,0.06700167504187604,0.25973282747068677,93.2998324958124,6.700167504187605,41,1194,145.9058283082077,268.6713499999996,2.8163641880045267,5.153569135586294,98.91122278056952,25.21105527638191,1.0,51.42378559463987,0.6905783469687967,3.017221584385755,10.385259631490788,completed,,1,0.0,295.9587646075563,9.370220367278797,0.2587769458828969
../pilots/cc-cubic_abr-bola_signals-cwnd-loss_netem-stable-8mbit/run-01/dash_qoe_log_cc-cubic_abr-bola_signals-cwnd-loss_netem-stable-8mbit.json,CUBIC,BOLA,cwnd+loss,cc-cubic_abr-bola_signals-cwnd-loss_netem-stable-8mbit,True,596.458332,596.854200000003,0.498,0,0.0,0,1,0.9983221476510067,1.4036830771812079,0.16778523489932887,99.83221476510067,0,1151,205.148235447437,522.3534999999999,11.132357138243025,28.38037969766415,99.8262380538662,249.6976542137272,10.0,12.337098175499566,0.0,0.0,0.0,completed,,1,3.5058430717863107,245.09256055373635,26.719096828046744,1.405744
../pilots/cc-bbr_abr-bola_signals-cwnd-loss_netem-high-rtt-loss/run-01/dash_qoe_log_cc-bbr_abr-bola_signals-cwnd-loss_netem-high-rtt-loss.json,BBR,BOLA,cwnd+loss,cc-bbr_abr-bola_signals-cwnd-loss_netem-high-rtt-loss,True,596.458332,597.9498000000008,1.5585,0,0.0,0,1,0.9932885906040269,1.3975003087248323,0.6711409395973155,99.32885906040268,0,1139,151.31252765583847,166.3906,1.4824981671573514,1.6312784349408553,18.261633011413522,78.85601404741001,4.0,8.604038630377524,1.244288460454705,3.853695324283553,24.319578577699737,completed,,1,4.340567612687813,284.1324607326956,25.45189816360601,1.3973729394810084
../pilots/cc-bbr_abr-bola_signals-loss_netem-high-rtt-loss/run-01/dash_qoe_log_cc-bbr_abr-bola_signals-loss_netem-high-rtt-loss.json,BBR,BOLA,loss,cc-bbr_abr-bola_signals-loss_netem-high-rtt-loss,True,596.458332,597.6668999999985,1.264199999999255,0,0.0,0,3,0.9949664429530202,1.399561231543624,0.5025125628140703,99.32998324958123,0,1192,147.681927852349,160.716,1.4481126366230688,1.5769492607409283,11.996644295302014,78.58640939597315,1.0,9.64765100671141,1.068632061959069,3.3307868601986272,23.238255033557046,completed,,1,0.16666666666666666,270.66744574303044,25.397618333333334,1.399563063660032
../pilots/cc-cubic_abr-bola_signals-rtt_netem-high-rtt-loss/run-01/dash_qoe_log_cc-cubic_abr-bola_signals-rtt_netem-high-rtt-loss.json,CUBIC,BOLA,rtt,cc-cubic_abr-bola_signals-rtt_netem-high-rtt-loss,True,596.4,597.6081000000015,1.2694000000022352,0,0.0,0,6,0.0050335570469798654,0.18361676845637584,99.32998324958123,0.5025125628140703,1,1161,140.096270456503,150.163,1.3780286697407564,1.4686004221625424,3.359173126614987,17.35055986218777,4.0,20.757967269595177,0.7012893642111914,1.8181818181818181,5.254091300602928,completed,,1,2.5041736227045077,306.9946917808194,13.742420701168612,0.18351308239393516
../pilots/cc-bbr_abr-bola_signals-cwnd-loss_netem-constrained-2mbit/run-01/dash_qoe_log_cc-bbr_abr-bola_signals-cwnd-loss_netem-constrained-2mbit.json,BBR,BOLA,cwnd+loss,cc-bbr_abr-bola_signals-cwnd-loss_netem-constrained-2mbit,True,596.4,597.4386999999992,1.03660000000149,0.002099999997776658,0.0,0,17,0.8573825503355704,1.2305655604026846,14.23785594639866,85.59463986599665,0,1143,98.5200542432196,114.59109999999998,1.9019245458141376,2.2177222415471585,98.68766404199475,28.586176727909013,4.0,4.111986001749782,0.49692244129675156,2.4390243902439024,13.123359580052494,completed,,1,3.8461538461538463,288.5104347825698,18.984382943143814,1.2310036199223302
../pilots/cc-bbr_abr-throughput_signals-rtt-cwnd_netem-high-rtt-loss/run-01/dash_qoe_log_cc-bbr_abr-throughput_signals-rtt-cwnd_netem-high-rtt-loss.json,BBR,Throughput,rtt+cwnd,cc-bbr_abr-throughput_signals-rtt-cwnd_netem-high-rtt-loss,True,596.4,598.3553999999986,1.68460000000149,0.27079999999708626,0.0,0,3,0.9966442953020134,1.401622154362416,0.33557046979865773,99.66442953020135,0,1196,148.87790050167226,164.02050000000003,1.4590900995574259,1.5822941963621946,12.37458193979933,77.20484949832776,4.0,9.11371237458194,2.111649008986413,4.173951048951049,23.91304347826087,completed,,1,0.0,253.39816971703397,25.291217970049914,1.4016313388432229
../pilots/cc-bbr_abr-throughput_signals-rtt-cwnd-loss_netem-high-rtt-loss/run-01/dash_qoe_log_cc-bbr_abr-throughput_signals-rtt-cwnd-loss_netem-high-rtt-loss.json,BBR,Throughput,rtt+cwnd+loss,cc-bbr_abr-throughput_signals-rtt-cwnd-loss_netem-high-rtt-loss,True,596.4,597.8116000000015,1.327199999999255,0.08440000000224424,0.0,0,3,0.9949664429530202,1.399561231543624,0.5025125628140703,99.32998324958123,0,1162,149.0727469879518,163.014,1.4520849473460231,1.5920763740459067,13.59724612736661,78.49053356282272,1.0,9.036144578313253,1.6478150624430623,3.842525399129176,23.666092943201377,completed,,1,2.337228714524207,329.34256410307097,25.38061268781302,1.3996966965411202
../pilots/cc-cubic_abr-bola_signals-rtt_netem-constrained-2mbit/run-01/dash_qoe_log_cc-cubic_abr-bola_signals-rtt_netem-constrained-2mbit.json,CUBIC,BOLA,rtt,cc-cubic_abr-bola_signals-rtt_netem-constrained-2mbit,True,596.4,597.3361000000015,0.903800000000745,0.03230000000074329,0.0,0,42,0.05536912751677853,0.24544445302013423,94.30485762144053,5.527638190954774,39,1195,137.92310376569037,239.78389999999996,2.670027502966469,4.5921264278141924,99.4979079497908,24.16317991631799,5.0,46.35983263598327,0.712390255410443,3.278688524590164,10.292887029288703,completed,,1,0.0,224.30868113513583,9.483712854757929,0.2459558215381653
../pilots/cc-cubic_abr-throughput_signals-cwnd_netem-constrained-2mbit/run-01/dash_qoe_log_cc-cubic_abr-throughput_signals-cwnd_netem-constrained-2mbit.json,CUBIC,Throughput,cwnd,cc-cubic_abr-throughput_signals-cwnd_netem-constrained-2mbit,True,596.4,597.2138999999985,0.8135,0.000399999998511702,0.0,0,74,0.11409395973154363,0.3175767516778524,88.44221105527639,11.390284757118929,22,1195,153.27180334728033,292.9776,2.962045598471644,5.644251037791447,99.07949790794979,27.507112970711297,7.0,50.87866108786611,0.9959682510538397,2.801587301587298,10.292887029288703,completed,,1,0.0,282.07508361203764,8.341085284280936,0.31828051892085363
../pilots/cc-bbr_abr-throughput_signals-rtt-loss_netem-high-rtt-loss/run-01/dash_qoe_log_cc-bbr_abr-throughput_signals-rtt-loss_netem-high-rtt-loss.json,BBR,Throughput,rtt+loss,cc-bbr_abr-throughput_signals-rtt-loss_netem-high-rtt-loss,True,596.4,597.7895999999978,1.3025,0.08709999999781304,0.0,0,9,0.9630872483221476,1.3604036979865772,3.6850921273031827,96.14740368509213,1,1166,149.74266895368783,165.62275,1.4545710769705227,1.6049684214708584,14.408233276157805,77.39536878216124,1.0,10.291595197255575,1.6628640166238693,3.9605246071938707,24.528301886792452,completed,,1,2.5,235.3316239313756,24.719098333333335,1.3604034766793511
../pilots/cc-cubic_abr-throughput_signals-rtt-loss_netem-constrained-2mbit/run-01/dash_qoe_log_cc-cubic_abr-throughput_signals-rtt-loss_netem-constrained-2mbit.json,CUBIC,Throughput,rtt+loss,cc-cubic_abr-throughput_signals-rtt-loss_netem-constrained-2mbit,True,596.4,597.1845999999978,0.811199999999255,0,0.0,0,58,0.06867671691792294,0.26179029815745397,93.1323283082077,6.867671691792295,41,1179,137.03165818490248,238.178,2.6417206442692924,4.559806710572459,99.23664122137404,24.195080576759967,3.0,50.46649703138253,0.8470943823591596,3.389830508474576,10.262934690415607,completed,,1,1.1686143572621035,287.7314189188686,8.952175292153589,0.2627970621348494
../pilots/cc-cubic_abr-throughput_signals-rtt-loss_netem-stable-8mbit/run-01/dash_qoe_log_cc-cubic_abr-throughput_signals-rtt-loss_netem-stable-8mbit.json,CUBIC,Throughput,rtt+loss,cc-cubic_abr-throughput_signals-rtt-loss_netem-stable-8mbit,True,596.4,597.243,0.4875,0.3555000000000746,0.0,0,1,0.9983221476510067,1.4036830771812079,0.16778523489932887,99.83221476510067,0,1187,183.69691828138164,466.8404000000003,9.920297397795398,25.38417704311893,99.91575400168492,218.66891322662173,10.0,11.541701769165964,0.0,0.0,0.0,completed,,1,0.3333333333333333,288.5526755852095,26.660193333333332,1.405744
../pilots/cc-bbr_abr-throughput_signals-none_netem-stable-8mbit/run-01/dash_qoe_log_cc-bbr_abr-throughput_signals-none_netem-stable-8mbit.json,BBR,Throughput,none,cc-bbr_abr-throughput_signals-none_netem-stable-8mbit,True,596.458332,596.8515,0.5023999999985099,0,0.0,0,1,0.9983221476510067,1.4036830771812079,0.16778523489932887,99.83221476510067,0,1162,30.876190189328746,35.139,1.673108072393762,1.9119103324446378,94.14802065404476,36.13166953528399,4.0,1.2908777969018932,0.0,0.0,0.0,completed,,1,2.3411371237458196,309.8315068496685,26.780023411371236,1.405744
../pilots/cc-bbr_abr-throughput_signals-rtt-cwnd_netem-stable-8mbit/run-01/dash_qoe_log_cc-bbr_abr-throughput_signals-rtt-cwnd_netem-stable-8mbit.json,BBR,Throughput,rtt+cwnd,cc-bbr_abr-throughput_signals-rtt-cwnd_netem-stable-8mbit,True,596.458332,596.8711999999992,0.4531999999992549,0,0.0,0,1,0.9983221476510067,1.4036830771812079,0.16778523489932887,99.83221476510067,0,1125,30.824987555555552,35.94259999999999,1.6697459104223848,1.9453906461205732,94.57777777777778,36.013333333333335,4.0,1.511111111111111,0.0,0.0,0.0,completed,,1,5.509181969949917,299.8931095406492,26.767367278797998,1.405744
../pilots/cc-cubic_abr-throughput_signals-none_netem-high-rtt-loss/run-01/dash_qoe_log_cc-cubic_abr-throughput_signals-none_netem-high-rtt-loss.json,CUBIC,Throughput,none,cc-cubic_abr-throughput_signals-none_netem-high-rtt-loss,True,596.4,597.6315,1.2656999999992549,0,0.0,0,8,0.015100671140939598,0.1959823053691275,98.3249581239531,1.5075376884422111,0,1184,137.78026858108106,146.221,1.3511953595570976,1.4313797337981302,0.7601351351351351,15.70016891891892,1.0,18.074324324324323,0.8242059705328092,0.0,4.983108108108108,completed,,1,0.3333333333333333,315.9622073574459,15.148226666666666,0.19640305573650185
../pilots/cc-cubic_abr-throughput_signals-cwnd_netem-stable-8mbit/run-01/dash_qoe_log_cc-cubic_abr-throughput_signals-cwnd_netem-stable-8mbit.json,CUBIC,Throughput,cwnd,cc-cubic_abr-throughput_signals-cwnd_netem-stable-8mbit,True,596.458332,596.8708000000007,0.4576999999992549,0,0.0,0,1,0.9983221476510067,1.4036830771812079,0.16778523489932887,99.83221476510067,0,1170,203.37673333333333,516.801,11.002277972485084,28.094645284044578,99.91452991452991,245.47435897435898,10.0,11.709401709401709,0.0,0.0,0.0,completed,,1,1.6722408026755853,234.19353741513197,26.769647157190636,1.405744
../pilots/cc-cubic_abr-bola_signals-rtt-cwnd_netem-high-rtt-loss/run-01/dash_qoe_log_cc-cubic_abr-bola_signals-rtt-cwnd_netem-high-rtt-loss.json,CUBIC,BOLA,rtt+cwnd,cc-cubic_abr-bola_signals-rtt-cwnd_netem-high-rtt-loss,True,596.4,597.4715,1.151199999999255,0,0.0,0,4,0.01174496644295302,0.19186045973154361,98.65996649916248,1.1725293132328307,2,1163,138.56152622527944,148.238,1.3618436544972337,1.453767585875207,1.2897678417884781,16.48323301805675,1.0,18.572656921754085,0.8315228933147101,0.0,4.729148753224419,completed,,1,2.0,245.4331632652035,13.935701666666667,0.1919486449988319
../pilots/cc-bbr_abr-throughput_signals-cwnd-loss_netem-stable-8mbit/run-01/dash_qoe_log_cc-bbr_abr-throughput_signals-cwnd-loss_netem-stable-8mbit.json,BBR,Throughput,cwnd+loss,cc-bbr_abr-throughput_signals-cwnd-loss_netem-stable-8mbit,True,596.4,596.8958999999985,0.42719999999925495,0.06869999999927312,0.0,0,1,0.9983221476510067,1.4036830771812079,0.16778523489932887,99.83221476510067,0,1188,31.090193602693603,34.312,1.676099190193359,1.8527761128970741,91.91919191919192,36.073232323232325,4.0,0.9259259259259259,0.0,0.0,0.0,completed,,1,0.1669449081803005,220.5192307694488,26.72655592654424,1.405744
../pilots/cc-bbr_abr-throughput_signals-none_netem-constrained-2mbit/run-01/dash_qoe_log_cc-bbr_abr-throughput_signals-none_netem-constrained-2mbit.json,BBR,Throughput,none,cc-bbr_abr-throughput_signals-none_netem-constrained-2mbit,True,596.4,597.170799999997,0.8197999999970198,0,0.0,0,25,0.8825503355704698,1.2614794026845637,11.725293132328309,88.107202680067,0,1156,99.83336505190312,119.35149999999999,1.9177328501436173,2.308079829490409,98.87543252595155,28.663494809688583,4.0,5.536332179930795,0.5464230950849095,2.4691358024691357,14.359861591695502,completed,,1,2.6755852842809364,320.81512027512275,18.891185618729097,1.2623149029252962
../pilots/cc-bbr_abr-bola_signals-cwnd_netem-constrained-2mbit/run-01/dash_qoe_log_cc-bbr_abr-bola_signals-cwnd_netem-constrained-2mbit.json,BBR,BOLA,cwnd,cc-bbr_abr-bola_signals-cwnd_netem-constrained-2mbit,True,596.458332,597.4728999999985,1.2158999999985098,0,0.0,0,13,0.947986577181208,1.3418553926174497,5.192629815745394,94.63986599664992,0,1149,99.50133681462141,118.98839999999996,1.9288178610557856,2.3062457344539125,99.04264577893821,28.733681462140993,4.0,3.6553524804177546,0.5406934366075032,2.526115859449184,14.273281114012185,completed,,1,3.8397328881469117,258.95902777780753,20.12908347245409,1.3420193227115795
../pilots/cc-cubic_abr-throughput_signals-rtt-cwnd_netem-constrained-2mbit/run-01/dash_qoe_log_cc-cubic_abr-throughput_signals-rtt-cwnd_netem-constrained-2mbit.json,CUBIC,Throughput,rtt+cwnd,cc-cubic_abr-throughput_signals-rtt-cwnd_netem-constrained-2mbit,True,596.4,597.397,0.785699999999255,0.21130000000081595,0.0,0,52,0.05695142378559464,0.24738800335008373,94.30485762144053,5.695142378559464,41,1196,137.46345234113713,244.12225,2.6563000615415175,4.634809608298076,99.41471571906355,24.464046822742475,1.0,47.65886287625418,0.6710997448031764,2.6403508771929824,9.615384615384615,completed,,1,0.0,282.96036789289684,9.177784280936454,0.24715259079854393
../pilots/cc-bbr_abr-throughput_signals-cwnd-loss_netem-constrained-2mbit/run-01/dash_qoe_log_cc-bbr_abr-throughput_signals-cwnd-loss_netem-constrained-2mbit.json,BBR,Throughput,cwnd+loss,cc-bbr_abr-throughput_signals-cwnd-loss_netem-constrained-2mbit,True,596.4,597.4271999999993,0.9450999999977648,0.08210000000154649,0.0,0,32,0.8305369127516778,1.1975907953020135,16.917922948073702,82.91457286432161,1,1161,100.03864168819983,123.892,1.9210041048072721,2.3291844144961944,98.53574504737296,28.87510766580534,4.0,4.306632213608958,0.5300845689928414,2.631578947368421,13.522825150732128,completed,,1,2.5,282.01316239319294,18.3511,1.1978861743710771
../pilots/cc-cubic_abr-bola_signals-rtt-cwnd_netem-stable-8mbit/run-01/dash_qoe_log_cc-cubic_abr-bola_signals-rtt-cwnd_netem-stable-8mbit.json,CUBIC,BOLA,rtt+cwnd,cc-cubic_abr-bola_signals-rtt-cwnd_netem-stable-8mbit,True,596.4,596.8923999999985,0.7448000000007451,0,0.0,0,1,0.9983221476510067,1.4036830771812079,0.16778523489932887,99.83221476510067,0,1135,209.528481938326,531.1643999999999,11.397306249475376,28.896872442669995,99.91189427312776,257.8555066079295,10.0,12.863436123348018,0.0,0.0,0.0,completed,,1,4.841402337228715,322.49894736834653,26.641382303839734,1.405744
../pilots/cc-bbr_abr-throughput_signals-rtt-loss_netem-stable-8mbit/run-01/dash_qoe_log_cc-bbr_abr-throughput_signals-rtt-loss_netem-stable-8mbit.json,BBR,Throughput,rtt+loss,cc-bbr_abr-throughput_signals-rtt-loss_netem-stable-8mbit,True,596.458332,596.8666000000015,0.5217000000029802,0,0.0,0,1,0.9983221476510067,1.4036830771812079,0.16778523489932887,99.83221476510067,0,1184,30.80398564189189,35.981,1.667690613516303,1.9537353451448398,92.73648648648648,35.9054054054054,4.0,1.2668918918918919,0.0,0.0,0.0,completed,,1,0.33444816053511706,248.30184563750637,26.728973244147156,1.405744
../pilots/cc-cubic_abr-throughput_signals-cwnd-loss_netem-stable-8mbit/run-01/dash_qoe_log_cc-cubic_abr-throughput_signals-cwnd-loss_netem-stable-8mbit.json,CUBIC,Throughput,cwnd+loss,cc-cubic_abr-throughput_signals-cwnd-loss_netem-stable-8mbit,True,596.4,596.8868000000008,0.46419999999925493,0.02260000000155743,0.0,0,1,0.9983221476510067,1.4036830771812079,0.16778523489932887,99.83221476510067,0,1158,198.40582815198619,480.101,10.763882392536576,26.100956833750136,99.82728842832469,242.36183074265975,10.0,12.780656303972366,0.0,0.0,0.0,completed,,1,2.6755852842809364,239.1835051541924,26.75672408026756,1.405744
../pilots/cc-cubic_abr-bola_signals-cwnd-loss_netem-constrained-2mbit/run-01/dash_qoe_log_cc-cubic_abr-bola_signals-cwnd-loss_netem-constrained-2mbit.json,CUBIC,BOLA,cwnd+loss,cc-cubic_abr-bola_signals-cwnd-loss_netem-constrained-2mbit,True,596.458332,597.2000999999977,0.8621000000014901,0,0.0,0,76,0.2785234899328859,0.5195471879194631,72.02680067001675,27.80569514237856,21,1180,161.55826779661015,339.52125,3.1412872283746753,6.57568685607243,98.89830508474576,28.529661016949152,8.0,53.05084745762712,0.7535961440536785,2.9850746268656714,11.186440677966102,completed,,1,1.0,268.13619528628686,8.478921666666666,0.5215803840907974
../pilots/cc-cubic_abr-throughput_signals-none_netem-stable-8mbit/run-01/dash_qoe_log_cc-cubic_abr-throughput_signals-none_netem-stable-8mbit.json,CUBIC,Throughput,none,cc-cubic_abr-throughput_signals-none_netem-stable-8mbit,True,596.4,596.892,0.6003999999985099,0,0.0,0,1,0.9983221476510067,1.4036830771812079,0.16778523489932887,99.83221476510067,0,1188,199.14566077441077,479.95614999999975,10.790310684866613,26.067778405376014,99.91582491582491,243.58164983164983,10.0,11.952861952861953,0.0,0.0,0.0,completed,,1,0.0,275.35886287639374,26.72165050167224,1.405744
../pilots/cc-bbr_abr-bola_signals-cwnd_netem-stable-8mbit/run-01/dash_qoe_log_cc-bbr_abr-bola_signals-cwnd_netem-stable-8mbit.json,BBR,BOLA,cwnd,cc-bbr_abr-bola_signals-cwnd_netem-stable-8mbit,True,596.458332,596.8785,0.4425,0,0.0,0,1,0.9983221476510067,1.4036830771812079,0.16778523489932887,99.83221476510067,0,1155,31.117836363636364,36.574,1.6779370650972385,1.973067979016819,92.12121212121212,36.227705627705625,4.0,1.2121212121212122,0.0,0.0,0.0,completed,,1,2.842809364548495,302.66798623128057,26.78938795986622,1.4057439999999997
../pilots/cc-cubic_abr-throughput_signals-rtt_netem-stable-8mbit/run-01/dash_qoe_log_cc-cubic_abr-throughput_signals-rtt_netem-stable-8mbit.json,CUBIC,Throughput,rtt,cc-cubic_abr-throughput_signals-rtt_netem-stable-8mbit,True,596.4,596.9013999999985,0.4813000000044704,0.02009999999404133,0.0,0,1,0.9983221476510067,1.4036830771812079,0.16778523489932887,99.83221476510067,0,1154,210.11015771230504,516.802,11.488756931192443,28.277631866929305,99.91334488734836,251.1681109185442,10.0,12.911611785095321,0.0,0.0,0.0,completed,,1,3.1719532554257097,235.66655172385788,26.722070116861435,1.405744
