condition,valid,total_attempts,failures,required_valid
cc-bbr_abr-bola_signals-cwnd-loss_netem-constrained-2mbit,4,4,0,4
cc-bbr_abr-bola_signals-cwnd-loss_netem-high-rtt-loss,4,4,0,4
cc-bbr_abr-bola_signals-cwnd-loss_netem-stable-8mbit,4,4,0,4
cc-bbr_abr-bola_signals-cwnd_netem-constrained-2mbit,4,4,0,4
cc-bbr_abr-bola_signals-cwnd_netem-high-rtt-loss,4,4,0,4
cc-bbr_abr-bola_signals-cwnd_netem-stable-8mbit,4,4,0,4
cc-bbr_abr-bola_signals-loss_netem-constrained-2mbit,4,4,0,4
cc-bbr_abr-bola_signals-loss_netem-high-rtt-loss,4,4,0,4
cc-bbr_abr-bola_signals-loss_netem-stable-8mbit,4,4,0,4
cc-bbr_abr-bola_signals-none_netem-constrained-2mbit,4,4,0,4
cc-bbr_abr-bola_signals-none_netem-high-rtt-loss,4,4,0,4
cc-bbr_abr-bola_signals-none_netem-stable-8mbit,4,4,0,4
cc-bbr_abr-bola_signals-rtt-cwnd-loss_netem-constrained-2mbit,4,4,0,4
cc-bbr_abr-bola_signals-rtt-cwnd-loss_netem-high-rtt-loss,4,4,0,4
cc-bbr_abr-bola_signals-rtt-cwnd-loss_netem-stable-8mbit,4,4,0,4
cc-bbr_abr-bola_signals-rtt-cwnd_netem-constrained-2mbit,4,4,0,4
cc-bbr_abr-bola_signals-rtt-cwnd_netem-high-rtt-loss,4,4,0,4
cc-bbr_abr-bola_signals-rtt-cwnd_netem-stable-8mbit,4,4,0,4
cc-bbr_abr-bola_signals-rtt-loss_netem-constrained-2mbit,4,4,0,4
cc-bbr_abr-bola_signals-rtt-loss_netem-high-rtt-loss,4,4,0,4
cc-bbr_abr-bola_signals-rtt-loss_netem-stable-8mbit,4,4,0,4
cc-bbr_abr-bola_signals-rtt_netem-constrained-2mbit,4,4,0,4
cc-bbr_abr-bola_signals-rtt_netem-high-rtt-loss,4,4,0,4
cc-bbr_abr-bola_signals-rtt_netem-stable-8mbit,4,4,0,4
cc-bbr_abr-throughput_signals-cwnd-loss_netem-constrained-2mbit,4,4,0,4
cc-bbr_abr-throughput_signals-cwnd-loss_netem-high-rtt-loss,4,4,0,4
cc-bbr_abr-throughput_signals-cwnd-loss_netem-stable-8mbit,4,4,0,4
cc-bbr_abr-throughput_signals-cwnd_netem-constrained-2mbit,4,4,0,4
cc-bbr_abr-throughput_signals-cwnd_netem-high-rtt-loss,4,4,0,4
cc-bbr_abr-throughput_signals-cwnd_netem-stable-8mbit,4,4,0,4
cc-bbr_abr-throughput_signals-loss_netem-constrained-2mbit,4,4,0,4
cc-bbr_abr-throughput_signals-loss_netem-high-rtt-loss,4,4,0,4
cc-bbr_abr-throughput_signals-loss_netem-stable-8mbit,4,4,0,4
cc-bbr_abr-throughput_signals-none_netem-constrained-2mbit,4,4,0,4
cc-bbr_abr-throughput_signals-none_netem-high-rtt-loss,4,4,0,4
cc-bbr_abr-throughput_signals-none_netem-stable-8mbit,4,4,0,4
cc-bbr_abr-throughput_signals-rtt-cwnd-loss_netem-constrained-2mbit,4,4,0,4
cc-bbr_abr-throughput_signals-rtt-cwnd-loss_netem-high-rtt-loss,4,4,0,4
cc-bbr_abr-throughput_signals-rtt-cwnd-loss_netem-stable-8mbit,4,4,0,4
cc-bbr_abr-throughput_signals-rtt-cwnd_netem-constrained-2mbit,4,4,0,4
cc-bbr_abr-throughput_signals-rtt-cwnd_netem-high-rtt-loss,4,4,0,4
cc-bbr_abr-throughput_signals-rtt-cwnd_netem-stable-8mbit,4,4,0,4
cc-bbr_abr-throughput_signals-rtt-loss_netem-constrained-2mbit,4,4,0,4
cc-bbr_abr-throughput_signals-rtt-loss_netem-high-rtt-loss,4,4,0,4
cc-bbr_abr-throughput_signals-rtt-loss_netem-stable-8mbit,4,4,0,4
cc-bbr_abr-throughput_signals-rtt_netem-constrained-2mbit,4,4,0,4
cc-bbr_abr-throughput_signals-rtt_netem-high-rtt-loss,4,4,0,4
cc-bbr_abr-throughput_signals-rtt_netem-stable-8mbit,4,4,0,4
cc-cubic_abr-bola_signals-cwnd-loss_netem-constrained-2mbit,4,4,0,4
cc-cubic_abr-bola_signals-cwnd-loss_netem-high-rtt-loss,4,4,0,4
cc-cubic_abr-bola_signals-cwnd-loss_netem-stable-8mbit,4,4,0,4
cc-cubic_abr-bola_signals-cwnd_netem-constrained-2mbit,4,4,0,4
cc-cubic_abr-bola_signals-cwnd_netem-high-rtt-loss,4,4,0,4
cc-cubic_abr-bola_signals-cwnd_netem-stable-8mbit,4,4,0,4
cc-cubic_abr-bola_signals-loss_netem-constrained-2mbit,4,4,0,4
cc-cubic_abr-bola_signals-loss_netem-high-rtt-loss,4,4,0,4
cc-cubic_abr-bola_signals-loss_netem-stable-8mbit,4,4,0,4
cc-cubic_abr-bola_signals-none_netem-constrained-2mbit,4,4,0,4
cc-cubic_abr-bola_signals-none_netem-high-rtt-loss,4,4,0,4
cc-cubic_abr-bola_signals-none_netem-stable-8mbit,4,4,0,4
cc-cubic_abr-bola_signals-rtt-cwnd-loss_netem-constrained-2mbit,4,4,0,4
cc-cubic_abr-bola_signals-rtt-cwnd-loss_netem-high-rtt-loss,4,4,0,4
cc-cubic_abr-bola_signals-rtt-cwnd-loss_netem-stable-8mbit,4,4,0,4
cc-cubic_abr-bola_signals-rtt-cwnd_netem-constrained-2mbit,4,4,0,4
cc-cubic_abr-bola_signals-rtt-cwnd_netem-high-rtt-loss,4,4,0,4
cc-cubic_abr-bola_signals-rtt-cwnd_netem-stable-8mbit,4,4,0,4
cc-cubic_abr-bola_signals-rtt-loss_netem-constrained-2mbit,4,4,0,4
cc-cubic_abr-bola_signals-rtt-loss_netem-high-rtt-loss,4,4,0,4
cc-cubic_abr-bola_signals-rtt-loss_netem-stable-8mbit,4,4,0,4
cc-cubic_abr-bola_signals-rtt_netem-constrained-2mbit,4,4,0,4
cc-cubic_abr-bola_signals-rtt_netem-high-rtt-loss,4,4,0,4
cc-cubic_abr-bola_signals-rtt_netem-stable-8mbit,4,4,0,4
cc-cubic_abr-throughput_signals-cwnd-loss_netem-constrained-2mbit,4,4,0,4
cc-cubic_abr-throughput_signals-cwnd-loss_netem-high-rtt-loss,4,4,0,4
cc-cubic_abr-throughput_signals-cwnd-loss_netem-stable-8mbit,4,4,0,4
cc-cubic_abr-throughput_signals-cwnd_netem-constrained-2mbit,4,4,0,4
cc-cubic_abr-throughput_signals-cwnd_netem-high-rtt-loss,4,4,0,4
cc-cubic_abr-throughput_signals-cwnd_netem-stable-8mbit,4,4,0,4
cc-cubic_abr-throughput_signals-loss_netem-constrained-2mbit,4,4,0,4
cc-cubic_abr-throughput_signals-loss_netem-high-rtt-loss,4,4,0,4
cc-cubic_abr-throughput_signals-loss_netem-stable-8mbit,4,4,0,4
cc-cubic_abr-throughput_signals-none_netem-constrained-2mbit,4,4,0,4
cc-cubic_abr-throughput_signals-none_netem-high-rtt-loss,4,4,0,4
cc-cubic_abr-throughput_signals-none_netem-stable-8mbit,4,4,0,4
cc-cubic_abr-throughput_signals-rtt-cwnd-loss_netem-constrained-2mbit,4,4,0,4
cc-cubic_abr-throughput_signals-rtt-cwnd-loss_netem-high-rtt-loss,4,4,0,4
cc-cubic_abr-throughput_signals-rtt-cwnd-loss_netem-stable-8mbit,4,4,0,4
cc-cubic_abr-throughput_signals-rtt-cwnd_netem-constrained-2mbit,4,4,0,4
cc-cubic_abr-throughput_signals-rtt-cwnd_netem-high-rtt-loss,4,4,0,4
cc-cubic_abr-throughput_signals-rtt-cwnd_netem-stable-8mbit,4,4,0,4
cc-cubic_abr-throughput_signals-rtt-loss_netem-constrained-2mbit,4,4,0,4
cc-cubic_abr-throughput_signals-rtt-loss_netem-high-rtt-loss,4,4,0,4
cc-cubic_abr-throughput_signals-rtt-loss_netem-stable-8mbit,4,4,0,4
cc-cubic_abr-throughput_signals-rtt_netem-constrained-2mbit,4,4,0,4
cc-cubic_abr-throughput_signals-rtt_netem-high-rtt-loss,4,4,0,4
cc-cubic_abr-throughput_signals-rtt_netem-stable-8mbit,4,4,0,4
